Workbook

Sheet How to use
A1: Requirements Traceability Matrix
A2: A free template from requirementsfirst.com. Three linked tables, coverage calculated for you.
A4: How it works
A5: 1. Business Reqs: one row per outcome the business wants. Fill in the cream columns.
A6: 2. Functional Reqs: one row per thing the system must do. Pick the BR it serves from the dropdown (and a second BR if it serves two).
A7: 3. Test Cases: one row per test. Pick the FR it proves and set the result to Not run, Pass or Fail.
A8: Blue-grey columns are formulas. Do not type in them. Each sheet has 100 rows ready; copy the last row down for more.
A10: Coverage (Functional Reqs)
A11: No tests: nothing linked. Failing: any linked test failed. Not run yet: some tests not run. Passing: every linked test passed.
A13: Trace status (Business Reqs)
A14: Not traced: no FRs linked. Failing: any FR is failing. Gaps: any FR has no tests or untested ones. Fully tested: everything beneath it passes.
A16: The example
... A21: Prefer Notion? The same template as three linked databases: https://requirementsfirst.gumroad.com/l/bkgdtg

Sheet Business Reqs
A1: BR ID | B1: Business requirement | C1: Objective it serves | D1: Priority | E1: Signs off | F1: FRs linked | G1: FRs failing | H1: FRs with gaps | I1: Trace status
A2: BR-1 | B2: Customers can get a refund without contacting support | C2: Cut refund-related support contacts | D2: Must | E2: Priya, Head of Customer Support | F2: =IF(A2="","",COUNTIF('Functional Reqs'!$C$2:$C$101,A2)+COUNTIF('Functional Reqs'!$D$2:$D$101,A2)) | G2: =IF(A2="","",COUNTIFS('Functional Reqs'!$C$2:$C$101,A2,'Functional Reqs'!$J$2:$J$101,"Failing")+COUNTIFS('Functional Reqs'!$D$2:$D$101,A2,'Functional Reqs'!$J$2:$J$101,"Failing")) | H2: =IF(A2="","",COUNTIFS('Functional Reqs'!$C$2:$C$101,A2,'Functional Reqs'!$J$2:$J$101,"No tests")+COUNTIFS('Functional Reqs'!$D$2:$D$101,A2,'Functional Reqs'!$J$2:$J$101,"No tests")+COUNTIFS('Functional Reqs'!$C$2:$C$101,A2,'Functional Reqs'!$J$2:$J$101,"Not run yet")+COUNTIFS('Functional Reqs'!$D$2:$D$101,A2,'Functional Reqs'!$J$2:$J$101,"Not run yet")) | I2: =IF(A2="","",IF(F2=0,"Not traced",IF(G2>0,"Failing",IF(H2>0,"Gaps","Fully tested"))))
A3: BR-2 | B3: Refunds are paid out within one business day | C3: Faster refunds, fewer chasers | D3: Must | E3: David, Finance Controller | F3: =IF(A3="","",COUNTIF('Functional Reqs'!$C$2:$C$101,A3)+COUNTIF('Functional Reqs'!$D$2:$D$101,A3)) | G3: =IF(A3="","",COUNTIFS('Functional Reqs'!$C$2:$C$101,A3,'Functional Reqs'!$J$2:$J$101,"Failing")+COUNTIFS('Functional Reqs'!$D$2:$D$101,A3,'Functional Reqs'!$J$2:$J$101,"Failing")) | H3: =IF(A3="","",COUNTIFS('Functional Reqs'!$C$2:$C$101,A3,'Functional Reqs'!$J$2:$J$101,"No tests")+COUNTIFS('Functional Reqs'!$D$2:$D$101,A3,'Functional Reqs'!$J$2:$J$101,"No tests")+COUNTIFS('Functional Reqs'!$C$2:$C$101,A3,'Functional Reqs'!$J$2:$J$101,"Not run yet")+COUNTIFS('Functional Reqs'!$D$2:$D$101,A3,'Functional Reqs'!$J$2:$J$101,"Not run yet")) | I3: =IF(A3="","",IF(F3=0,"Not traced",IF(G3>0,"Failing",IF(H3>0,"Gaps","Fully tested"))))
A4: BR-3 | B4: Finance can audit every refund | C4: Pass the year-end refund audit | D4: Should | E4: Rahul, Compliance Manager | F4: =IF(A4="","",COUNTIF('Functional Reqs'!$C$2:$C$101,A4)+COUNTIF('Functional Reqs'!$D$2:$D$101,A4)) | G4: =IF(A4="","",COUNTIFS('Functional Reqs'!$C$2:$C$101,A4,'Functional Reqs'!$J$2:$J$101,"Failing")+COUNTIFS('Functional Reqs'!$D$2:$D$101,A4,'Functional Reqs'!$J$2:$J$101,"Failing")) | H4: =IF(A4="","",COUNTIFS('Functional Reqs'!$C$2:$C$101,A4,'Functional Reqs'!$J$2:$J$101,"No tests")+COUNTIFS('Functional Reqs'!$D$2:$D$101,A4,'Functional Reqs'!$J$2:$J$101,"No tests")+COUNTIFS('Functional Reqs'!$C$2:$C$101,A4,'Functional Reqs'!$J$2:$J$101,"Not run yet")+COUNTIFS('Functional Reqs'!$D$2:$D$101,A4,'Functional Reqs'!$J$2:$J$101,"Not run yet")) | I4: =IF(A4="","",IF(F4=0,"Not traced",IF(G4>0,"Failing",IF(H4>0,"Gaps","Fully tested"))))
F5: =IF(A5="","",COUNTIF('Functional Reqs'!$C$2:$C$101,A5)+COUNTIF('Functional Reqs'!$D$2:$D$101,A5)) | G5: =IF(A5="","",COUNTIFS('Functional Reqs'!$C$2:$C$101,A5,'Functional Reqs'!$J$2:$J$101,"Failing")+COUNTIFS('Functional Reqs'!$D$2:$D$101,A5,'Functional Reqs'!$J$2:$J$101,"Failing")) | H5: =IF(A5="","",COUNTIFS('Functional Reqs'!$C$2:$C$101,A5,'Functional Reqs'!$J$2:$J$101,"No tests")+COUNTIFS('Functional Reqs'!$D$2:$D$101,A5,'Functional Reqs'!$J$2:$J$101,"No tests")+COUNTIFS('Functional Reqs'!$C$2:$C$101,A5,'Functional Reqs'!$J$2:$J$101,"Not run yet")+COUNTIFS('Functional Reqs'!$D$2:$D$101,A5,'Functional Reqs'!$J$2:$J$101,"Not run yet")) | I5: =IF(A5="","",IF(F5=0,"Not traced",IF(G5>0,"Failing",IF(H5>0,"Gaps","Fully tested"))))
F6: =IF(A6="","",COUNTIF('Functional Reqs'!$C$2:$C$101,A6)+COUNTIF('Functional Reqs'!$D$2:$D$101,A6)) | G6: =IF(A6="","",COUNTIFS('Functional Reqs'!$C$2:$C$101,A6,'Functional Reqs'!$J$2:$J$101,"Failing")+COUNTIFS('Functional Reqs'!$D$2:$D$101,A6,'Functional Reqs'!$J$2:$J$101,"Failing")) | H6: =IF(A6="","",COUNTIFS('Functional Reqs'!$C$2:$C$101,A6,'Functional Reqs'!$J$2:$J$101,"No tests")+COUNTIFS('Functional Reqs'!$D$2:$D$101,A6,'Functional Reqs'!$J$2:$J$101,"No tests")+COUNTIFS('Functional Reqs'!$C$2:$C$101,A6,'Functional Reqs'!$J$2:$J$101,"Not run yet")+COUNTIFS('Functional Reqs'!$D$2:$D$101,A6,'Functional Reqs'!$J$2:$J$101,"Not run yet")) | I6: =IF(A6="","",IF(F6=0,"Not traced",IF(G6>0,"Failing",IF(H6>0,"Gaps","Fully tested"))))
F7: =IF(A7="","",COUNTIF('Functional Reqs'!$C$2:$C$101,A7)+COUNTIF('Functional Reqs'!$D$2:$D$101,A7)) | G7: =IF(A7="","",COUNTIFS('Functional Reqs'!$C$2:$C$101,A7,'Functional Reqs'!$J$2:$J$101,"Failing")+COUNTIFS('Functional Reqs'!$D$2:$D$101,A7,'Functional Reqs'!$J$2:$J$101,"Failing")) | H7: =IF(A7="","",COUNTIFS('Functional Reqs'!$C$2:$C$101,A7,'Functional Reqs'!$J$2:$J$101,"No tests")+COUNTIFS('Functional Reqs'!$D$2:$D$101,A7,'Functional Reqs'!$J$2:$J$101,"No tests")+COUNTIFS('Functional Reqs'!$C$2:$C$101,A7,'Functional Reqs'!$J$2:$J$101,"Not run yet")+COUNTIFS('Functional Reqs'!$D$2:$D$101,A7,'Functional Reqs'!$J$2:$J$101,"Not run yet")) | I7: =IF(A7="","",IF(F7=0,"Not traced",IF(G7>0,"Failing",IF(H7>0,"Gaps","Fully tested"))))
F8: =IF(A8="","",COUNTIF('Functional Reqs'!$C$2:$C$101,A8)+COUNTIF('Functional Reqs'!$D$2:$D$101,A8)) | G8: =IF(A8="","",COUNTIFS('Functional Reqs'!$C$2:$C$101,A8,'Functional Reqs'!$J$2:$J$101,"Failing")+COUNTIFS('Functional Reqs'!$D$2:$D$101,A8,'Functional Reqs'!$J$2:$J$101,"Failing")) | H8: =IF(A8="","",COUNTIFS('Functional Reqs'!$C$2:$C$101,A8,'Functional Reqs'!$J$2:$J$101,"No tests")+COUNTIFS('Functional Reqs'!$D$2:$D$101,A8,'Functional Reqs'!$J$2:$J$101,"No tests")+COUNTIFS('Functional Reqs'!$C$2:$C$101,A8,'Functional Reqs'!$J$2:$J$101,"Not run yet")+COUNTIFS('Functional Reqs'!$D$2:$D$101,A8,'Functional Reqs'!$J$2:$J$101,"Not run yet")) | I8: =IF(A8="","",IF(F8=0,"Not traced",IF(G8>0,"Failing",IF(H8>0,"Gaps","Fully tested"))))
F9: =IF(A9="","",COUNTIF('Functional Reqs'!$C$2:$C$101,A9)+COUNTIF('Functional Reqs'!$D$2:$D$101,A9)) | G9: =IF(A9="","",COUNTIFS('Functional Reqs'!$C$2:$C$101,A9,'Functional Reqs'!$J$2:$J$101,"Failing")+COUNTIFS('Functional Reqs'!$D$2:$D$101,A9,'Functional Reqs'!$J$2:$J$101,"Failing")) | H9: =IF(A9="","",COUNTIFS('Functional Reqs'!$C$2:$C$101,A9,'Functional Reqs'!$J$2:$J$101,"No tests")+COUNTIFS('Functional Reqs'!$D$2:$D$101,A9,'Functional Reqs'!$J$2:$J$101,"No tests")+COUNTIFS('Functional Reqs'!$C$2:$C$101,A9,'Functional Reqs'!$J$2:$J$101,"Not run yet")+COUNTIFS('Functional Reqs'!$D$2:$D$101,A9,'Functional Reqs'!$J$2:$J$101,"Not run yet")) | I9: =IF(A9="","",IF(F9=0,"Not traced",IF(G9>0,"Failing",IF(H9>0,"Gaps","Fully tested"))))
F10: =IF(A10="","",COUNTIF('Functional Reqs'!$C$2:$C$101,A10)+COUNTIF('Functional Reqs'!$D$2:$D$101,A10)) | G10: =IF(A10="","",COUNTIFS('Functional Reqs'!$C$2:$C$101,A10,'Functional Reqs'!$J$2:$J$101,"Failing")+COUNTIFS('Functional Reqs'!$D$2:$D$101,A10,'Functional Reqs'!$J$2:$J$101,"Failing")) | H10: =IF(A10="","",COUNTIFS('Functional Reqs'!$C$2:$C$101,A10,'Functional Reqs'!$J$2:$J$101,"No tests")+COUNTIFS('Functional Reqs'!$D$2:$D$101,A10,'Functional Reqs'!$J$2:$J$101,"No tests")+COUNTIFS('Functional Reqs'!$C$2:$C$101,A10,'Functional Reqs'!$J$2:$J$101,"Not run yet")+COUNTIFS('Functional Reqs'!$D$2:$D$101,A10,'Functional Reqs'!$J$2:$J$101,"Not run yet")) | I10: =IF(A10="","",IF(F10=0,"Not traced",IF(G10>0,"Failing",IF(H10>0,"Gaps","Fully tested"))))
F11: =IF(A11="","",COUNTIF('Functional Reqs'!$C$2:$C$101,A11)+COUNTIF('Functional Reqs'!$D$2:$D$101,A11)) | G11: =IF(A11="","",COUNTIFS('Functional Reqs'!$C$2:$C$101,A11,'Functional Reqs'!$J$2:$J$101,"Failing")+COUNTIFS('Functional Reqs'!$D$2:$D$101,A11,'Functional Reqs'!$J$2:$J$101,"Failing")) | H11: =IF(A11="","",COUNTIFS('Functional Reqs'!$C$2:$C$101,A11,'Functional Reqs'!$J$2:$J$101,"No tests")+COUNTIFS('Functional Reqs'!$D$2:$D$101,A11,'Functional Reqs'!$J$2:$J$101,"No tests")+COUNTIFS('Functional Reqs'!$C$2:$C$101,A11,'Functional Reqs'!$J$2:$J$101,"Not run yet")+COUNTIFS('Functional Reqs'!$D$2:$D$101,A11,'Functional Reqs'!$J$2:$J$101,"Not run yet")) | I11: =IF(A11="","",IF(F11=0,"Not traced",IF(G11>0,"Failing",IF(H11>0,"Gaps","Fully tested"))))
F12: =IF(A12="","",COUNTIF('Functional Reqs'!$C$2:$C$101,A12)+COUNTIF('Functional Reqs'!$D$2:$D$101,A12)) | G12: =IF(A12="","",COUNTIFS('Functional Reqs'!$C$2:$C$101,A12,'Functional Reqs'!$J$2:$J$101,"Failing")+COUNTIFS('Functional Reqs'!$D$2:$D$101,A12,'Functional Reqs'!$J$2:$J$101,"Failing")) | H12: =IF(A12="","",COUNTIFS('Functional Reqs'!$C$2:$C$101,A12,'Functional Reqs'!$J$2:$J$101,"No tests")+COUNTIFS('Functional Reqs'!$D$2:$D$101,A12,'Functional Reqs'!$J$2:$J$101,"No tests")+COUNTIFS('Functional Reqs'!$C$2:$C$101,A12,'Functional Reqs'!$J$2:$J$101,"Not run yet")+COUNTIFS('Functional Reqs'!$D$2:$D$101,A12,'Functional Reqs'!$J$2:$J$101,"Not run yet")) | I12: =IF(A12="","",IF(F12=0,"Not traced",IF(G12>0,"Failing",IF(H12>0,"Gaps","Fully tested"))))
F13: =IF(A13="","",COUNTIF('Functional Reqs'!$C$2:$C$101,A13)+COUNTIF('Functional Reqs'!$D$2:$D$101,A13)) | G13: =IF(A13="","",COUNTIFS('Functional Reqs'!$C$2:$C$101,A13,'Functional Reqs'!$J$2:$J$101,"Failing")+COUNTIFS('Functional Reqs'!$D$2:$D$101,A13,'Functional Reqs'!$J$2:$J$101,"Failing")) | H13: =IF(A13="","",COUNTIFS('Functional Reqs'!$C$2:$C$101,A13,'Functional Reqs'!$J$2:$J$101,"No tests")+COUNTIFS('Functional Reqs'!$D$2:$D$101,A13,'Functional Reqs'!$J$2:$J$101,"No tests")+COUNTIFS('Functional Reqs'!$C$2:$C$101,A13,'Functional Reqs'!$J$2:$J$101,"Not run yet")+COUNTIFS('Functional Reqs'!$D$2:$D$101,A13,'Functional Reqs'!$J$2:$J$101,"Not run yet")) | I13: =IF(A13="","",IF(F13=0,"Not traced",IF(G13>0,"Failing",IF(H13>0,"Gaps","Fully tested"))))
F14: =IF(A14="","",COUNTIF('Functional Reqs'!$C$2:$C$101,A14)+COUNTIF('Functional Reqs'!$D$2:$D$101,A14)) | G14: =IF(A14="","",COUNTIFS('Functional Reqs'!$C$2:$C$101,A14,'Functional Reqs'!$J$2:$J$101,"Failing")+COUNTIFS('Functional Reqs'!$D$2:$D$101,A14,'Functional Reqs'!$J$2:$J$101,"Failing")) | H14: =IF(A14="","",COUNTIFS('Functional Reqs'!$C$2:$C$101,A14,'Functional Reqs'!$J$2:$J$101,"No tests")+COUNTIFS('Functional Reqs'!$D$2:$D$101,A14,'Functional Reqs'!$J$2:$J$101,"No tests")+COUNTIFS('Functional Reqs'!$C$2:$C$101,A14,'Functional Reqs'!$J$2:$J$101,"Not run yet")+COUNTIFS('Functional Reqs'!$D$2:$D$101,A14,'Functional Reqs'!$J$2:$J$101,"Not run yet")) | I14: =IF(A14="","",IF(F14=0,"Not traced",IF(G14>0,"Failing",IF(H14>0,"Gaps","Fully tested"))))
F15: =IF(A15="","",COUNTIF('Functional Reqs'!$C$2:$C$101,A15)+COUNTIF('Functional Reqs'!$D$2:$D$101,A15)) | G15: =IF(A15="","",COUNTIFS('Functional Reqs'!$C$2:$C$101,A15,'Functional Reqs'!$J$2:$J$101,"Failing")+COUNTIFS('Functional Reqs'!$D$2:$D$101,A15,'Functional Reqs'!$J$2:$J$101,"Failing")) | H15: =IF(A15="","",COUNTIFS('Functional Reqs'!$C$2:$C$101,A15,'Functional Reqs'!$J$2:$J$101,"No tests")+COUNTIFS('Functional Reqs'!$D$2:$D$101,A15,'Functional Reqs'!$J$2:$J$101,"No tests")+COUNTIFS('Functional Reqs'!$C$2:$C$101,A15,'Functional Reqs'!$J$2:$J$101,"Not run yet")+COUNTIFS('Functional Reqs'!$D$2:$D$101,A15,'Functional Reqs'!$J$2:$J$101,"Not run yet")) | I15: =IF(A15="","",IF(F15=0,"Not traced",IF(G15>0,"Failing",IF(H15>0,"Gaps","Fully tested"))))
F16: =IF(A16="","",COUNTIF('Functional Reqs'!$C$2:$C$101,A16)+COUNTIF('Functional Reqs'!$D$2:$D$101,A16)) | G16: =IF(A16="","",COUNTIFS('Functional Reqs'!$C$2:$C$101,A16,'Functional Reqs'!$J$2:$J$101,"Failing")+COUNTIFS('Functional Reqs'!$D$2:$D$101,A16,'Functional Reqs'!$J$2:$J$101,"Failing")) | H16: =IF(A16="","",COUNTIFS('Functional Reqs'!$C$2:$C$101,A16,'Functional Reqs'!$J$2:$J$101,"No tests")+COUNTIFS('Functional Reqs'!$D$2:$D$101,A16,'Functional Reqs'!$J$2:$J$101,"No tests")+COUNTIFS('Functional Reqs'!$C$2:$C$101,A16,'Functional Reqs'!$J$2:$J$101,"Not run yet")+COUNTIFS('Functional Reqs'!$D$2:$D$101,A16,'Functional Reqs'!$J$2:$J$101,"Not run yet")) | I16: =IF(A16="","",IF(F16=0,"Not traced",IF(G16>0,"Failing",IF(H16>0,"Gaps","Fully tested"))))
... F101: =IF(A101="","",COUNTIF('Functional Reqs'!$C$2:$C$101,A101)+COUNTIF('Functional Reqs'!$D$2:$D$101,A101)) | G101: =IF(A101="","",COUNTIFS('Functional Reqs'!$C$2:$C$101,A101,'Functional Reqs'!$J$2:$J$101,"Failing")+COUNTIFS('Functional Reqs'!$D$2:$D$101,A101,'Functional Reqs'!$J$2:$J$101,"Failing")) | H101: =IF(A101="","",COUNTIFS('Functional Reqs'!$C$2:$C$101,A101,'Functional Reqs'!$J$2:$J$101,"No tests")+COUNTIFS('Functional Reqs'!$D$2:$D$101,A101,'Functional Reqs'!$J$2:$J$101,"No tests")+COUNTIFS('Functional Reqs'!$C$2:$C$101,A101,'Functional Reqs'!$J$2:$J$101,"Not run yet")+COUNTIFS('Functional Reqs'!$D$2:$D$101,A101,'Functional Reqs'!$J$2:$J$101,"Not run yet")) | I101: =IF(A101="","",IF(F101=0,"Not traced",IF(G101>0,"Failing",IF(H101>0,"Gaps","Fully tested"))))

Sheet Functional Reqs
A1: FR ID | B1: Functional requirement | C1: Serves BR | D1: Also serves BR (optional) | E1: Acceptance criteria | F1: Build status | G1: Tests linked | H1: Tests passed | I1: Tests failed | J1: Coverage
A2: FR-1 | B2: Customer can start a refund from their order history page | C2: BR-1 | E2: Given a delivered order under 30 days old, when the customer selects Refund, then a refund request is created and confirmed on screen | F2: Built | G2: =IF(A2="","",COUNTIF('Test Cases'!$C$2:$C$101,A2)) | H2: =IF(A2="","",COUNTIFS('Test Cases'!$C$2:$C$101,A2,'Test Cases'!$D$2:$D$101,"Pass")) | I2: =IF(A2="","",COUNTIFS('Test Cases'!$C$2:$C$101,A2,'Test Cases'!$D$2:$D$101,"Fail")) | J2: =IF(A2="","",IF(G2=0,"No tests",IF(I2>0,"Failing",IF(H2<G2,"Not run yet","Passing"))))
A3: FR-2 | B3: Refunds under 50 dollars are approved automatically | C3: BR-2 | E3: Given a request under 50 dollars, when it is submitted, then it is approved with no manual step | F3: In progress | G3: =IF(A3="","",COUNTIF('Test Cases'!$C$2:$C$101,A3)) | H3: =IF(A3="","",COUNTIFS('Test Cases'!$C$2:$C$101,A3,'Test Cases'!$D$2:$D$101,"Pass")) | I3: =IF(A3="","",COUNTIFS('Test Cases'!$C$2:$C$101,A3,'Test Cases'!$D$2:$D$101,"Fail")) | J3: =IF(A3="","",IF(G3=0,"No tests",IF(I3>0,"Failing",IF(H3<G3,"Not run yet","Passing"))))
A4: FR-3 | B4: Approved refunds are sent to the payment gateway within one hour | C4: BR-2 | E4: Given an approved refund, when one hour has passed, then the gateway has accepted the payout | F4: Built | G4: =IF(A4="","",COUNTIF('Test Cases'!$C$2:$C$101,A4)) | H4: =IF(A4="","",COUNTIFS('Test Cases'!$C$2:$C$101,A4,'Test Cases'!$D$2:$D$101,"Pass")) | I4: =IF(A4="","",COUNTIFS('Test Cases'!$C$2:$C$101,A4,'Test Cases'!$D$2:$D$101,"Fail")) | J4: =IF(A4="","",IF(G4=0,"No tests",IF(I4>0,"Failing",IF(H4<G4,"Not run yet","Passing"))))
A5: FR-4 | B5: Every refund decision is logged with who, when and why | C5: BR-3 | E5: Given any approval or rejection, then the log shows the actor, timestamp and reason | F5: Not started | G5: =IF(A5="","",COUNTIF('Test Cases'!$C$2:$C$101,A5)) | H5: =IF(A5="","",COUNTIFS('Test Cases'!$C$2:$C$101,A5,'Test Cases'!$D$2:$D$101,"Pass")) | I5: =IF(A5="","",COUNTIFS('Test Cases'!$C$2:$C$101,A5,'Test Cases'!$D$2:$D$101,"Fail")) | J5: =IF(A5="","",IF(G5=0,"No tests",IF(I5>0,"Failing",IF(H5<G5,"Not run yet","Passing"))))
G6: =IF(A6="","",COUNTIF('Test Cases'!$C$2:$C$101,A6)) | H6: =IF(A6="","",COUNTIFS('Test Cases'!$C$2:$C$101,A6,'Test Cases'!$D$2:$D$101,"Pass")) | I6: =IF(A6="","",COUNTIFS('Test Cases'!$C$2:$C$101,A6,'Test Cases'!$D$2:$D$101,"Fail")) | J6: =IF(A6="","",IF(G6=0,"No tests",IF(I6>0,"Failing",IF(H6<G6,"Not run yet","Passing"))))
G7: =IF(A7="","",COUNTIF('Test Cases'!$C$2:$C$101,A7)) | H7: =IF(A7="","",COUNTIFS('Test Cases'!$C$2:$C$101,A7,'Test Cases'!$D$2:$D$101,"Pass")) | I7: =IF(A7="","",COUNTIFS('Test Cases'!$C$2:$C$101,A7,'Test Cases'!$D$2:$D$101,"Fail")) | J7: =IF(A7="","",IF(G7=0,"No tests",IF(I7>0,"Failing",IF(H7<G7,"Not run yet","Passing"))))
G8: =IF(A8="","",COUNTIF('Test Cases'!$C$2:$C$101,A8)) | H8: =IF(A8="","",COUNTIFS('Test Cases'!$C$2:$C$101,A8,'Test Cases'!$D$2:$D$101,"Pass")) | I8: =IF(A8="","",COUNTIFS('Test Cases'!$C$2:$C$101,A8,'Test Cases'!$D$2:$D$101,"Fail")) | J8: =IF(A8="","",IF(G8=0,"No tests",IF(I8>0,"Failing",IF(H8<G8,"Not run yet","Passing"))))
G9: =IF(A9="","",COUNTIF('Test Cases'!$C$2:$C$101,A9)) | H9: =IF(A9="","",COUNTIFS('Test Cases'!$C$2:$C$101,A9,'Test Cases'!$D$2:$D$101,"Pass")) | I9: =IF(A9="","",COUNTIFS('Test Cases'!$C$2:$C$101,A9,'Test Cases'!$D$2:$D$101,"Fail")) | J9: =IF(A9="","",IF(G9=0,"No tests",IF(I9>0,"Failing",IF(H9<G9,"Not run yet","Passing"))))
G10: =IF(A10="","",COUNTIF('Test Cases'!$C$2:$C$101,A10)) | H10: =IF(A10="","",COUNTIFS('Test Cases'!$C$2:$C$101,A10,'Test Cases'!$D$2:$D$101,"Pass")) | I10: =IF(A10="","",COUNTIFS('Test Cases'!$C$2:$C$101,A10,'Test Cases'!$D$2:$D$101,"Fail")) | J10: =IF(A10="","",IF(G10=0,"No tests",IF(I10>0,"Failing",IF(H10<G10,"Not run yet","Passing"))))
G11: =IF(A11="","",COUNTIF('Test Cases'!$C$2:$C$101,A11)) | H11: =IF(A11="","",COUNTIFS('Test Cases'!$C$2:$C$101,A11,'Test Cases'!$D$2:$D$101,"Pass")) | I11: =IF(A11="","",COUNTIFS('Test Cases'!$C$2:$C$101,A11,'Test Cases'!$D$2:$D$101,"Fail")) | J11: =IF(A11="","",IF(G11=0,"No tests",IF(I11>0,"Failing",IF(H11<G11,"Not run yet","Passing"))))
G12: =IF(A12="","",COUNTIF('Test Cases'!$C$2:$C$101,A12)) | H12: =IF(A12="","",COUNTIFS('Test Cases'!$C$2:$C$101,A12,'Test Cases'!$D$2:$D$101,"Pass")) | I12: =IF(A12="","",COUNTIFS('Test Cases'!$C$2:$C$101,A12,'Test Cases'!$D$2:$D$101,"Fail")) | J12: =IF(A12="","",IF(G12=0,"No tests",IF(I12>0,"Failing",IF(H12<G12,"Not run yet","Passing"))))
G13: =IF(A13="","",COUNTIF('Test Cases'!$C$2:$C$101,A13)) | H13: =IF(A13="","",COUNTIFS('Test Cases'!$C$2:$C$101,A13,'Test Cases'!$D$2:$D$101,"Pass")) | I13: =IF(A13="","",COUNTIFS('Test Cases'!$C$2:$C$101,A13,'Test Cases'!$D$2:$D$101,"Fail")) | J13: =IF(A13="","",IF(G13=0,"No tests",IF(I13>0,"Failing",IF(H13<G13,"Not run yet","Passing"))))
G14: =IF(A14="","",COUNTIF('Test Cases'!$C$2:$C$101,A14)) | H14: =IF(A14="","",COUNTIFS('Test Cases'!$C$2:$C$101,A14,'Test Cases'!$D$2:$D$101,"Pass")) | I14: =IF(A14="","",COUNTIFS('Test Cases'!$C$2:$C$101,A14,'Test Cases'!$D$2:$D$101,"Fail")) | J14: =IF(A14="","",IF(G14=0,"No tests",IF(I14>0,"Failing",IF(H14<G14,"Not run yet","Passing"))))
G15: =IF(A15="","",COUNTIF('Test Cases'!$C$2:$C$101,A15)) | H15: =IF(A15="","",COUNTIFS('Test Cases'!$C$2:$C$101,A15,'Test Cases'!$D$2:$D$101,"Pass")) | I15: =IF(A15="","",COUNTIFS('Test Cases'!$C$2:$C$101,A15,'Test Cases'!$D$2:$D$101,"Fail")) | J15: =IF(A15="","",IF(G15=0,"No tests",IF(I15>0,"Failing",IF(H15<G15,"Not run yet","Passing"))))
G16: =IF(A16="","",COUNTIF('Test Cases'!$C$2:$C$101,A16)) | H16: =IF(A16="","",COUNTIFS('Test Cases'!$C$2:$C$101,A16,'Test Cases'!$D$2:$D$101,"Pass")) | I16: =IF(A16="","",COUNTIFS('Test Cases'!$C$2:$C$101,A16,'Test Cases'!$D$2:$D$101,"Fail")) | J16: =IF(A16="","",IF(G16=0,"No tests",IF(I16>0,"Failing",IF(H16<G16,"Not run yet","Passing"))))
G17: =IF(A17="","",COUNTIF('Test Cases'!$C$2:$C$101,A17)) | H17: =IF(A17="","",COUNTIFS('Test Cases'!$C$2:$C$101,A17,'Test Cases'!$D$2:$D$101,"Pass")) | I17: =IF(A17="","",COUNTIFS('Test Cases'!$C$2:$C$101,A17,'Test Cases'!$D$2:$D$101,"Fail")) | J17: =IF(A17="","",IF(G17=0,"No tests",IF(I17>0,"Failing",IF(H17<G17,"Not run yet","Passing"))))
... G101: =IF(A101="","",COUNTIF('Test Cases'!$C$2:$C$101,A101)) | H101: =IF(A101="","",COUNTIFS('Test Cases'!$C$2:$C$101,A101,'Test Cases'!$D$2:$D$101,"Pass")) | I101: =IF(A101="","",COUNTIFS('Test Cases'!$C$2:$C$101,A101,'Test Cases'!$D$2:$D$101,"Fail")) | J101: =IF(A101="","",IF(G101=0,"No tests",IF(I101>0,"Failing",IF(H101<G101,"Not run yet","Passing"))))

Sheet Test Cases
A1: TC ID | B1: Test case | C1: Proves FR | D1: Result | E1: Last run | F1: Notes
A2: TC-1 | B2: Start a refund on an eligible order | C2: FR-1 | D2: Pass | E2: 46315
A3: TC-2 | B3: Refund option hidden on orders older than 30 days | C3: FR-1 | D3: Pass | E3: 46315
A4: TC-3 | B4: Auto-approve a 42 dollar refund | C4: FR-2 | D4: Not run | F4: Waiting on finance threshold sign-off
A5: TC-4 | B5: Gateway accepts payout for an approved refund | C5: FR-3 | D5: Fail | E5: 46317 | F5: Sandbox returns 429 under load

Sheet Lists
A1: Priority | B1: Build status | C1: Result
A2: Must | B2: Not started | C2: Not run
A3: Should | B3: In progress | C3: Pass
A4: Could | B4: Built | C4: Fail
A5: Won't | B5: Released
